"Apple iPhone 8, 64GB, Space Gray - Fully Unlocked (Renewed)",$249.00
"Apple iPhone XR, 64GB, Black - Fully Unlocked (Renewed)",$454.99
"Apple iPhone 7, 32GB, Black - Fully Unlocked (Renewed)",
"Apple iPhone 11, 128GB, Black - Fully Unlocked (Renewed)",$829.00
"Apple iPhone 8 Plus, 64GB, Space Gray - Fully Unlocked (Renewed)",$394.99
"Apple iPhone X, 64GB, Space Gray - Fully Unlocked (Renewed)",$449.00
"Apple iPhone XS, 64GB, Space Gray - Fully Unlocked (Renewed)",$470.56
"Apple iPhone XS Max, 64GB, Gold - Fully Unlocked (Renewed)",$619.00
"Apple iPhone 7 Plus, 32GB, Rose Gold - Fully Unlocked (Renewed)",
"Apple iPhone 7, 128GB, Rose Gold - For AT&T / T-Mobile (Renewed)",$239.97
Apple iPhone 7 Matte Black 32GB Verizon Unlocked (Renewed),$192.00
"Apple iPhone 11 Pro Max (64GB, Midnight Green) [Locked] + Carrier Subscription",
"Apple iPhone 8 Plus, 64GB, Space Gray - For AT&T / T-Mobile (Renewed)",$399.97
"Apple iPhone 11 Pro (64GB, Space Gray) [Locked] + Carrier Subscription",
"Apple iPhone 11 Pro, 64GB, Gold - Fully Unlocked (Renewed)",
"New Apple iPhone SE (64GB, White) [Locked] + Carrier Subscription",
"Wireless Earbuds Bluetooth Headphones Mini Bluetooth Earbuds Super Bass Wireless Headset with LED Power Display Charging Case, Built-in Microphone, Sport in-Ear Ear Buds with Charging Case",$21.99
